/*!999999\- enable the sandbox mode */ 
-- MariaDB dump 10.19  Distrib 10.11.8-MariaDB, for debian-linux-gnu (x86_64)
--
-- Host: localhost    Database: nfl
-- ------------------------------------------------------
-- Server version	10.11.8-MariaDB-0ubuntu0.24.04.1

/*!40101 SET @OLD_CHARACTER_SET_CLIENT=@@CHARACTER_SET_CLIENT */;
/*!40101 SET @OLD_CHARACTER_SET_RESULTS=@@CHARACTER_SET_RESULTS */;
/*!40101 SET @OLD_COLLATION_CONNECTION=@@COLLATION_CONNECTION */;
/*!40101 SET NAMES utf8mb4 */;
/*!40103 SET @OLD_TIME_ZONE=@@TIME_ZONE */;
/*!40103 SET TIME_ZONE='+00:00' */;
/*!40014 SET @OLD_UNIQUE_CHECKS=@@UNIQUE_CHECKS, UNIQUE_CHECKS=0 */;
/*!40014 SET @OLD_FOREIGN_KEY_CHECKS=@@FOREIGN_KEY_CHECKS, FOREIGN_KEY_CHECKS=0 */;
/*!40101 SET @OLD_SQL_MODE=@@SQL_MODE, SQL_MODE='NO_AUTO_VALUE_ON_ZERO' */;
/*!40111 SET @OLD_SQL_NOTES=@@SQL_NOTES, SQL_NOTES=0 */;

--
-- Temporary table structure for view `Eagles`
--

DROP TABLE IF EXISTS `Eagles`;
/*!50001 DROP VIEW IF EXISTS `Eagles`*/;
SET @saved_cs_client     = @@character_set_client;
SET character_set_client = utf8;
/*!50001 CREATE VIEW `Eagles` AS SELECT
 1 AS `Week`,
  1 AS `At Home?`,
  1 AS `Against`,
  1 AS `Pts For`,
  1 AS `Pts Against`,
  1 AS `Q1 For`,
  1 AS `Q1 Against`,
  1 AS `Q2 For`,
  1 AS `Q2 Against`,
  1 AS `Q3 For`,
  1 AS `Q3 Against`,
  1 AS `Q4 For`,
  1 AS `Q4 Against`,
  1 AS `OT For`,
  1 AS `OT Against` */;
SET character_set_client = @saved_cs_client;

--
-- Temporary table structure for view `Participants`
--

DROP TABLE IF EXISTS `Participants`;
/*!50001 DROP VIEW IF EXISTS `Participants`*/;
SET @saved_cs_client     = @@character_set_client;
SET character_set_client = utf8;
/*!50001 CREATE VIEW `Participants` AS SELECT
 1 AS `Week`,
  1 AS `Team`,
  1 AS `Home?`,
  1 AS `Versus` */;
SET character_set_client = @saved_cs_client;

--
-- Temporary table structure for view `Record`
--

DROP TABLE IF EXISTS `Record`;
/*!50001 DROP VIEW IF EXISTS `Record`*/;
SET @saved_cs_client     = @@character_set_client;
SET character_set_client = utf8;
/*!50001 CREATE VIEW `Record` AS SELECT
 1 AS `week`,
  1 AS `conference`,
  1 AS `division`,
  1 AS `team`,
  1 AS `at_home`,
  1 AS `oponent`,
  1 AS `q1_for`,
  1 AS `q2_for`,
  1 AS `q3_for`,
  1 AS `q4_for`,
  1 AS `ot_for`,
  1 AS `q1_against`,
  1 AS `q2_against`,
  1 AS `q3_against`,
  1 AS `q4_against`,
  1 AS `ot_against`,
  1 AS `q1_net`,
  1 AS `q2_net`,
  1 AS `q3_net`,
  1 AS `q4_net`,
  1 AS `game_for`,
  1 AS `game_against`,
  1 AS `game_net`,
  1 AS `won_game` */;
SET character_set_client = @saved_cs_client;

--
-- Temporary table structure for view `Stats`
--

DROP TABLE IF EXISTS `Stats`;
/*!50001 DROP VIEW IF EXISTS `Stats`*/;
SET @saved_cs_client     = @@character_set_client;
SET character_set_client = utf8;
/*!50001 CREATE VIEW `Stats` AS SELECT
 1 AS `conference`,
  1 AS `division`,
  1 AS `team`,
  1 AS `played`,
  1 AS `pts_for`,
  1 AS `pts_against`,
  1 AS `pts_net`,
  1 AS `win`,
  1 AS `lose`,
  1 AS `pct` */;
SET character_set_client = @saved_cs_client;

--
-- Table structure for table `conference`
--

DROP TABLE IF EXISTS `conference`;
/*!40101 SET @saved_cs_client     = @@character_set_client */;
/*!40101 SET character_set_client = utf8 */;
CREATE TABLE `conference` (
  `pkey` int(11) NOT NULL AUTO_INCREMENT,
  `name` char(128) NOT NULL,
  `tag` char(3) DEFAULT NULL,
  PRIMARY KEY (`pkey`)
) ENGINE=InnoDB AUTO_INCREMENT=3 DEFAULT CHARSET=utf8mb4 COLLATE=utf8mb4_general_ci;
/*!40101 SET character_set_client = @saved_cs_client */;

--
-- Dumping data for table `conference`
--

LOCK TABLES `conference` WRITE;
/*!40000 ALTER TABLE `conference` DISABLE KEYS */;
INSERT INTO `conference` VALUES
(1,'American Football Conference','afc'),
(2,'National Football Conference','nfc');
/*!40000 ALTER TABLE `conference` ENABLE KEYS */;
UNLOCK TABLES;

--
-- Table structure for table `division`
--

DROP TABLE IF EXISTS `division`;
/*!40101 SET @saved_cs_client     = @@character_set_client */;
/*!40101 SET character_set_client = utf8 */;
CREATE TABLE `division` (
  `pkey` int(11) NOT NULL AUTO_INCREMENT,
  `name` char(128) NOT NULL,
  `conf` int(11) NOT NULL,
  PRIMARY KEY (`pkey`),
  KEY `conf` (`conf`),
  CONSTRAINT `division_ibfk_1` FOREIGN KEY (`conf`) REFERENCES `conference` (`pkey`)
) ENGINE=InnoDB AUTO_INCREMENT=9 DEFAULT CHARSET=utf8mb4 COLLATE=utf8mb4_general_ci;
/*!40101 SET character_set_client = @saved_cs_client */;

--
-- Dumping data for table `division`
--

LOCK TABLES `division` WRITE;
/*!40000 ALTER TABLE `division` DISABLE KEYS */;
INSERT INTO `division` VALUES
(1,'East',1),
(2,'West',1),
(3,'North',1),
(4,'South',1),
(5,'East',2),
(6,'West',2),
(7,'North',2),
(8,'South',2);
/*!40000 ALTER TABLE `division` ENABLE KEYS */;
UNLOCK TABLES;

--
-- Table structure for table `game`
--

DROP TABLE IF EXISTS `game`;
/*!40101 SET @saved_cs_client     = @@character_set_client */;
/*!40101 SET character_set_client = utf8 */;
CREATE TABLE `game` (
  `pkey` int(11) NOT NULL AUTO_INCREMENT,
  `home` int(11) NOT NULL,
  `away` int(11) NOT NULL,
  `week` int(11) NOT NULL,
  PRIMARY KEY (`pkey`),
  KEY `home` (`home`),
  KEY `away` (`away`),
  CONSTRAINT `game_ibfk_1` FOREIGN KEY (`home`) REFERENCES `team` (`pkey`),
  CONSTRAINT `game_ibfk_2` FOREIGN KEY (`away`) REFERENCES `team` (`pkey`)
) ENGINE=InnoDB AUTO_INCREMENT=124 DEFAULT CHARSET=utf8mb4 COLLATE=utf8mb4_general_ci;
/*!40101 SET character_set_client = @saved_cs_client */;

--
-- Dumping data for table `game`
--

LOCK TABLES `game` WRITE;
/*!40000 ALTER TABLE `game` DISABLE KEYS */;
INSERT INTO `game` VALUES
(1,6,9,1),
(2,17,27,1),
(3,29,12,1),
(4,1,21,1),
(5,25,16,1),
(6,10,3,1),
(7,14,13,1),
(8,2,15,1),
(9,30,31,1),
(10,18,28,1),
(11,8,7,1),
(12,24,5,1),
(13,11,19,1),
(14,32,20,1),
(15,26,22,1),
(16,23,4,1),
(17,2,1,2),
(18,9,7,2),
(19,31,8,2),
(20,19,30,2),
(21,26,32,2),
(22,27,14,2),
(23,15,11,2),
(24,28,23,2),
(25,3,24,2),
(26,16,4,2),
(27,20,18,2),
(28,21,22,2),
(29,5,12,2),
(30,6,10,2),
(31,13,25,2),
(32,17,29,2),
(33,4,3,3),
(34,11,18,3),
(35,14,25,3),
(36,28,13,3),
(37,30,17,3),
(38,12,8,3),
(39,32,5,3),
(40,16,27,3),
(41,7,31,3),
(42,24,2,3),
(43,21,26,3),
(44,19,9,3),
(45,22,23,3),
(46,29,6,3),
(47,1,15,3),
(48,10,20,3),
(49,18,19,4),
(50,29,30,4),
(51,31,10,4),
(52,25,22,4),
(53,27,28,4),
(54,13,15,4),
(55,14,12,4),
(56,4,5,4),
(57,32,17,4),
(58,21,20,4),
(59,23,3,4),
(60,8,6,4),
(61,7,11,4),
(62,9,1,4),
(63,2,16,4),
(64,26,24,4),
(65,29,32,5),
(66,28,4,5),
(67,25,31,5),
(68,10,9,5),
(69,13,1,5),
(70,15,14,5),
(71,3,2,5),
(72,20,11,5),
(73,5,7,5),
(74,23,21,5),
(75,22,27,5),
(76,24,18,5),
(77,12,19,5),
(78,6,30,5),
(79,24,23,6),
(80,25,15,6),
(81,9,20,6),
(82,27,21,6),
(83,3,13,6),
(84,30,32,6),
(85,17,11,6),
(86,16,14,6),
(87,5,8,6),
(88,7,12,6),
(89,31,29,6),
(90,19,26,6),
(91,18,10,6),
(92,4,1,6),
(93,30,5,7),
(94,15,3,7),
(95,29,24,7),
(96,1,16,7),
(97,11,10,7),
(98,27,13,7),
(99,14,2,7),
(100,28,26,7),
(101,18,17,7),
(102,20,31,7),
(103,23,6,7),
(104,12,4,7),
(105,32,9,7),
(106,21,8,7),
(107,22,28,8),
(108,11,9,8),
(109,26,16,8),
(110,13,14,8),
(111,15,27,8),
(112,2,21,8),
(113,3,4,8),
(114,32,29,8),
(115,10,17,8),
(116,8,30,8),
(117,24,1,8),
(118,20,25,8),
(119,5,31,8),
(120,7,6,8),
(121,23,19,8),
(122,12,18,8),
(123,22,7,7);
/*!40000 ALTER TABLE `game` ENABLE KEYS */;
UNLOCK TABLES;

--
-- Temporary table structure for view `participants`
--

DROP TABLE IF EXISTS `participants`;
/*!50001 DROP VIEW IF EXISTS `participants`*/;
SET @saved_cs_client     = @@character_set_client;
SET character_set_client = utf8;
/*!50001 CREATE VIEW `participants` AS SELECT
 1 AS `Week`,
  1 AS `Team`,
  1 AS `Home?`,
  1 AS `Versus` */;
SET character_set_client = @saved_cs_client;

--
-- Table structure for table `score`
--

DROP TABLE IF EXISTS `score`;
/*!40101 SET @saved_cs_client     = @@character_set_client */;
/*!40101 SET character_set_client = utf8 */;
CREATE TABLE `score` (
  `pkey` int(11) NOT NULL AUTO_INCREMENT,
  `game` int(11) NOT NULL,
  `quarter` int(11) NOT NULL,
  `team` int(11) NOT NULL,
  `amount` int(11) NOT NULL,
  PRIMARY KEY (`pkey`)
) ENGINE=InnoDB AUTO_INCREMENT=1039 DEFAULT CHARSET=utf8mb4 COLLATE=utf8mb4_general_ci;
/*!40101 SET character_set_client = @saved_cs_client */;

--
-- Dumping data for table `score`
--

LOCK TABLES `score` WRITE;
/*!40000 ALTER TABLE `score` DISABLE KEYS */;
INSERT INTO `score` VALUES
(3,2,1,17,0),
(4,2,2,17,17),
(5,2,3,17,14),
(6,2,4,17,3),
(7,2,1,27,6),
(8,2,2,27,13),
(9,2,3,27,7),
(10,2,4,27,3),
(11,32,1,17,0),
(12,32,2,17,7),
(13,32,3,17,3),
(14,32,4,17,11),
(15,32,1,29,0),
(16,32,2,29,6),
(17,32,3,29,9),
(18,32,4,29,7),
(19,37,1,17,0),
(20,37,2,17,0),
(21,37,3,17,0),
(22,37,4,17,15),
(23,37,1,30,3),
(24,37,2,30,0),
(25,37,3,30,0),
(26,37,4,30,9),
(27,57,1,17,0),
(28,57,2,17,7),
(29,57,3,17,9),
(30,57,4,17,0),
(31,57,1,32,14),
(32,57,2,32,10),
(33,57,3,32,6),
(34,57,4,32,3),
(35,85,1,17,0),
(36,85,2,17,10),
(37,85,3,17,3),
(38,85,4,17,7),
(39,85,1,11,0),
(40,85,2,11,10),
(41,85,3,11,0),
(42,85,4,11,6),
(43,101,1,17,0),
(44,101,2,17,14),
(45,101,3,17,7),
(46,101,4,17,7),
(47,101,1,18,0),
(48,101,2,18,3),
(49,101,3,18,0),
(50,101,4,18,0),
(51,10,1,18,3),
(52,10,2,18,0),
(53,10,3,18,3),
(54,10,4,18,0),
(55,10,1,28,7),
(56,10,2,28,7),
(57,10,3,28,14),
(58,10,4,28,0),
(59,27,1,18,6),
(60,27,2,18,6),
(61,27,3,18,0),
(62,27,4,18,6),
(63,27,1,20,3),
(64,27,2,20,6),
(65,27,3,20,6),
(66,27,4,20,6),
(67,34,1,18,7),
(68,34,2,18,14),
(69,34,3,18,0),
(70,34,4,18,0),
(71,34,1,11,7),
(72,34,2,11,0),
(73,34,3,11,0),
(74,34,4,11,8),
(75,49,1,18,3),
(76,49,2,18,6),
(77,49,3,18,3),
(78,49,4,18,3),
(79,49,1,19,7),
(80,49,2,19,7),
(81,49,3,19,3),
(82,49,4,19,3),
(83,76,1,18,0),
(84,76,2,18,10),
(85,76,3,18,10),
(86,76,4,18,9),
(87,76,1,24,7),
(88,76,2,24,3),
(89,76,3,24,3),
(90,76,4,24,7),
(91,91,1,18,0),
(92,91,2,18,0),
(93,91,3,18,7),
(94,91,4,18,0),
(95,91,1,10,7),
(96,91,2,10,0),
(97,91,3,10,3),
(98,91,4,10,7),
(99,14,1,20,0),
(100,14,2,20,7),
(101,14,3,20,7),
(102,14,4,20,6),
(103,14,1,32,6),
(104,14,2,32,10),
(105,14,3,32,7),
(106,14,4,32,14),
(107,48,1,20,7),
(108,48,2,20,14),
(109,48,3,20,7),
(110,48,4,20,10),
(111,48,1,10,7),
(112,48,2,10,6),
(113,48,3,10,7),
(114,48,4,10,13),
(115,58,1,20,7),
(116,58,2,20,10),
(117,58,3,20,10),
(118,58,4,20,15),
(119,58,1,21,7),
(120,58,2,21,0),
(121,58,3,21,7),
(122,58,4,21,0),
(123,72,1,20,7),
(124,72,2,20,17),
(125,72,3,20,10),
(126,72,4,20,0),
(127,72,1,11,0),
(128,72,2,11,3),
(129,72,3,11,3),
(130,72,4,11,7),
(131,81,1,9,3),
(132,81,2,9,14),
(133,81,3,9,10),
(134,81,4,9,3),
(135,102,1,20,10),
(136,102,2,20,17),
(137,102,3,20,10),
(138,102,4,20,3),
(139,102,1,31,0),
(140,102,2,31,0),
(141,102,3,31,0),
(142,102,4,31,7),
(143,13,1,19,7),
(144,13,2,19,13),
(145,13,3,19,10),
(146,13,4,19,3),
(147,13,1,11,3),
(148,13,2,11,0),
(149,13,3,11,7),
(150,13,4,11,7),
(151,20,1,19,3),
(152,20,2,19,13),
(153,20,3,19,3),
(154,20,4,19,0),
(155,20,1,30,14),
(156,20,2,30,21),
(157,20,3,30,6),
(158,20,4,30,3),
(159,44,1,19,3),
(160,44,2,19,3),
(161,44,3,19,0),
(162,44,4,19,19),
(163,44,1,9,14),
(164,44,2,9,7),
(165,44,3,9,7),
(166,44,4,9,0),
(167,77,1,19,3),
(168,77,2,19,3),
(169,77,3,19,0),
(170,77,4,19,14),
(171,77,1,12,3),
(172,77,2,12,0),
(173,77,3,12,7),
(174,77,4,12,7),
(175,90,1,19,3),
(176,90,2,19,3),
(177,90,3,19,3),
(178,90,4,19,0),
(179,90,1,26,7),
(180,90,2,26,20),
(181,90,3,26,10),
(182,90,4,26,10),
(183,12,1,24,3),
(184,12,2,24,6),
(185,12,3,24,10),
(186,12,4,24,7),
(187,12,1,5,3),
(188,12,2,5,10),
(189,12,3,5,0),
(190,12,4,5,7),
(191,25,1,24,7),
(192,25,2,24,10),
(193,25,3,24,0),
(194,25,4,24,3),
(195,25,1,3,7),
(196,25,2,3,6),
(197,25,3,3,0),
(198,25,4,3,7),
(199,42,1,24,17),
(200,42,2,24,0),
(201,42,3,24,0),
(202,42,4,24,7),
(203,42,1,2,3),
(204,42,2,2,0),
(205,42,3,2,0),
(206,42,4,2,0),
(207,64,1,24,0),
(208,64,2,24,7),
(209,64,3,24,13),
(210,64,4,24,9),
(211,64,1,26,7),
(212,64,2,26,14),
(213,64,3,26,14),
(214,64,4,26,7),
(215,95,1,24,3),
(216,95,2,24,14),
(217,95,3,24,7),
(218,95,4,24,10),
(219,95,1,29,0),
(220,95,2,29,7),
(221,95,3,29,7),
(222,95,4,29,0),
(223,4,1,21,7),
(224,4,2,21,10),
(225,4,3,21,0),
(226,4,4,21,11),
(227,4,1,1,0),
(228,4,2,1,10),
(229,4,3,1,14),
(230,4,4,1,10),
(231,28,1,21,14),
(232,28,2,21,10),
(233,28,3,21,10),
(234,28,4,21,7),
(235,28,1,22,0),
(236,28,2,22,3),
(237,28,3,22,7),
(238,28,4,22,0),
(239,43,1,21,7),
(240,43,2,21,3),
(241,43,3,21,0),
(242,43,4,21,3),
(243,43,1,26,7),
(244,43,2,26,13),
(245,43,3,26,0),
(246,43,4,26,0),
(247,74,1,21,7),
(248,74,2,21,3),
(249,74,3,21,3),
(250,74,4,21,11),
(251,74,1,23,10),
(252,74,2,23,13),
(253,74,3,23,0),
(254,74,4,23,0),
(255,82,1,21,0),
(256,82,2,21,10),
(257,82,3,21,3),
(258,82,4,21,0),
(259,82,1,27,7),
(260,82,2,27,17),
(261,82,3,27,7),
(262,82,4,27,3),
(263,106,1,21,0),
(264,106,2,21,7),
(265,106,3,21,0),
(266,106,4,21,10),
(267,106,1,8,0),
(268,106,2,8,6),
(269,106,3,8,3),
(270,106,4,8,6),
(271,15,1,22,3),
(272,15,2,22,0),
(273,15,3,22,7),
(274,15,4,22,10),
(275,15,1,26,0),
(276,15,2,26,10),
(277,15,3,26,7),
(278,15,4,26,3),
(279,45,1,22,0),
(280,45,2,22,7),
(281,45,3,22,7),
(282,45,4,22,13),
(283,45,1,23,14),
(284,45,2,23,0),
(285,45,3,23,7),
(286,45,4,23,3),
(287,52,1,22,3),
(288,52,2,22,3),
(289,52,3,22,3),
(290,52,4,22,9),
(291,52,1,25,0),
(292,52,2,25,10),
(293,52,3,25,7),
(294,52,4,25,7),
(295,123,1,22,0),
(296,123,2,22,14),
(297,123,3,22,6),
(298,123,4,22,0),
(299,123,1,7,0),
(300,123,2,7,6),
(301,123,3,7,3),
(302,123,4,7,6),
(303,16,1,23,3),
(304,16,2,23,13),
(305,16,3,23,10),
(306,16,4,23,6),
(307,16,1,4,7),
(308,16,2,4,0),
(309,16,3,4,6),
(310,16,4,4,6),
(311,24,1,23,0),
(312,24,2,23,7),
(313,24,3,23,0),
(314,24,4,23,10),
(315,24,1,28,3),
(316,24,2,28,10),
(317,24,3,28,7),
(318,24,4,28,3),
(319,59,1,23,6),
(320,59,2,23,14),
(321,59,3,23,7),
(322,59,4,23,3),
(323,59,1,3,0),
(324,59,2,3,3),
(325,59,3,3,7),
(326,59,4,3,3),
(327,103,1,23,3),
(328,103,2,23,3),
(329,103,3,23,6),
(330,103,4,23,6),
(331,103,1,6,0),
(332,103,2,6,14),
(333,103,3,6,0),
(334,103,4,6,14),
(335,21,1,32,6),
(336,21,2,32,7),
(337,21,3,32,7),
(338,21,4,32,0),
(339,21,1,26,3),
(340,21,2,26,3),
(341,21,3,26,10),
(342,21,4,26,0),
(343,100,1,26,0),
(344,100,2,26,21),
(345,100,3,26,7),
(346,100,4,26,3),
(347,100,1,28,10),
(348,100,2,28,0),
(349,100,3,28,7),
(350,100,4,28,12),
(351,36,1,28,14),
(352,36,2,28,0),
(353,36,3,28,7),
(354,36,4,28,13),
(355,36,1,13,0),
(356,36,2,13,0),
(357,36,3,13,7),
(358,36,4,13,0),
(359,53,1,28,14),
(360,53,2,28,14),
(361,53,3,28,0),
(362,53,4,28,3),
(363,53,1,27,0),
(364,53,2,27,7),
(365,53,3,27,0),
(366,53,4,27,22),
(367,66,1,28,10),
(368,66,2,28,7),
(369,66,3,28,0),
(370,66,4,28,6),
(371,66,1,4,0),
(372,66,2,4,7),
(373,66,3,4,3),
(374,66,4,4,7),
(375,22,1,27,10),
(376,22,2,27,0),
(377,22,3,27,3),
(378,22,4,27,3),
(379,22,1,14,0),
(380,22,2,14,0),
(381,22,3,14,3),
(382,22,4,14,7),
(383,40,1,27,17),
(384,40,2,27,3),
(385,40,3,27,7),
(386,40,4,27,3),
(387,40,1,16,7),
(388,40,2,16,0),
(389,40,3,16,7),
(390,40,4,16,0),
(391,98,1,27,0),
(392,98,2,27,14),
(393,98,3,27,7),
(394,98,4,27,3),
(395,98,1,13,3),
(396,98,2,13,16),
(397,98,3,13,0),
(398,98,4,13,3),
(399,75,1,22,0),
(400,75,2,22,13),
(401,75,3,22,0),
(402,75,4,22,6),
(403,75,1,27,7),
(404,75,2,27,13),
(405,75,3,27,14),
(406,75,4,27,0),
(407,5,1,25,0),
(408,5,2,25,3),
(409,5,3,25,7),
(410,5,4,25,14),
(411,5,1,16,7),
(412,5,2,16,10),
(413,5,3,16,0),
(414,5,4,16,0),
(415,31,1,25,3),
(416,31,2,25,7),
(417,31,3,25,0),
(418,31,4,25,3),
(419,31,1,13,3),
(420,31,2,13,13),
(421,31,3,13,0),
(422,31,4,13,3),
(423,35,1,25,0),
(424,35,2,25,0),
(425,35,3,25,3),
(426,35,4,25,13),
(427,35,1,14,0),
(428,35,2,14,7),
(429,35,3,14,7),
(430,35,4,14,7),
(431,67,1,25,7),
(432,67,2,25,20),
(433,67,3,25,3),
(434,67,4,25,6),
(435,67,1,31,7),
(436,67,2,31,0),
(437,67,3,31,3),
(438,67,4,31,0),
(439,80,1,15,3),
(440,80,2,15,0),
(441,80,3,15,7),
(442,80,4,15,6),
(443,3,1,29,3),
(444,3,2,29,7),
(445,3,3,29,0),
(446,3,4,29,0),
(447,3,1,12,3),
(448,3,2,12,6),
(449,3,3,12,6),
(450,3,4,12,3),
(451,50,1,29,7),
(452,50,2,29,10),
(453,50,3,29,3),
(454,50,4,29,6),
(455,50,1,30,7),
(456,50,2,30,7),
(457,50,3,30,3),
(458,50,4,30,7),
(459,65,1,29,7),
(460,65,2,29,10),
(461,65,3,29,3),
(462,65,4,29,10),
(463,65,1,32,10),
(464,65,2,32,14),
(465,65,3,32,3),
(466,65,4,32,3),
(467,84,1,32,17),
(468,84,2,32,7),
(469,84,3,32,7),
(470,84,4,32,20),
(471,84,1,30,0),
(472,84,2,30,27),
(473,84,3,30,0),
(474,84,4,30,0),
(475,105,1,32,10),
(476,105,2,32,0),
(477,105,3,32,0),
(478,105,4,32,21),
(479,105,1,9,0),
(480,105,2,9,17),
(481,105,3,9,17),
(482,105,4,9,7),
(483,9,1,30,17),
(484,9,2,30,13),
(485,9,3,30,7),
(486,9,4,30,10),
(487,9,1,31,0),
(488,9,2,31,3),
(489,9,3,31,7),
(490,9,4,31,0),
(491,78,1,30,0),
(492,78,2,30,7),
(493,78,3,30,0),
(494,78,4,30,6),
(495,78,1,6,7),
(496,78,2,6,9),
(497,78,3,6,0),
(498,78,4,6,10),
(499,93,1,30,0),
(500,93,2,30,3),
(501,93,3,30,0),
(502,93,4,30,7),
(503,93,1,5,3),
(504,93,2,5,13),
(505,93,3,5,10),
(506,93,4,5,7),
(507,19,1,31,0),
(508,19,2,31,0),
(509,19,3,31,3),
(510,19,4,31,0),
(511,19,1,8,6),
(512,19,2,8,14),
(513,19,3,8,3),
(514,19,4,8,3),
(515,41,1,31,7),
(516,41,2,31,14),
(517,41,3,31,6),
(518,41,4,31,9),
(519,41,1,7,7),
(520,41,2,7,0),
(521,41,3,7,0),
(522,41,4,7,15),
(523,51,1,31,0),
(524,51,2,31,14),
(525,51,3,31,7),
(526,51,4,31,3),
(527,51,1,10,7),
(528,51,2,10,14),
(529,51,3,10,10),
(530,51,4,10,3),
(531,89,1,29,7),
(532,89,2,29,15),
(533,89,3,29,6),
(534,89,4,29,10),
(535,89,1,31,7),
(536,89,2,31,10),
(537,89,3,31,3),
(538,89,4,31,0),
(539,17,1,1,7),
(540,17,2,1,17),
(541,17,3,1,7),
(542,17,4,1,0),
(543,17,1,2,7),
(544,17,2,2,3),
(545,17,3,2,0),
(546,17,4,2,0),
(547,47,1,1,13),
(548,47,2,1,21),
(549,47,3,1,3),
(550,47,4,1,10),
(551,47,1,15,0),
(552,47,2,15,3),
(553,47,3,15,7),
(554,47,4,15,0),
(555,62,1,1,3),
(556,62,2,1,0),
(557,62,3,1,7),
(558,62,4,1,0),
(559,62,1,9,7),
(560,62,2,9,14),
(561,62,3,9,7),
(562,62,4,9,7),
(563,69,1,1,3),
(564,69,2,1,0),
(565,69,3,1,14),
(566,69,4,1,3),
(567,69,1,13,14),
(568,69,2,13,3),
(569,69,3,13,3),
(570,69,4,13,3),
(571,92,1,1,7),
(572,92,2,1,13),
(573,92,3,1,0),
(574,92,4,1,3),
(575,92,1,4,10),
(576,92,2,4,7),
(577,92,3,4,3),
(578,92,4,4,0),
(579,96,1,1,0),
(580,96,2,1,7),
(581,96,3,1,10),
(582,96,4,1,17),
(583,96,1,16,3),
(584,96,2,16,7),
(585,96,3,16,0),
(586,96,4,16,0),
(587,8,1,2,0),
(588,8,2,2,7),
(589,8,3,2,7),
(590,8,4,2,6),
(591,8,1,15,7),
(592,8,2,15,10),
(593,8,3,15,0),
(594,8,4,15,0),
(595,63,1,2,0),
(596,63,2,2,3),
(597,63,3,2,3),
(598,63,4,2,6),
(599,63,1,16,0),
(600,63,2,16,9),
(601,63,3,16,10),
(602,63,4,16,12),
(603,71,1,2,3),
(604,71,2,2,0),
(605,71,3,2,6),
(606,71,4,2,6),
(607,71,1,3,7),
(608,71,2,3,0),
(609,71,3,3,3),
(610,71,4,3,6),
(611,99,1,2,7),
(612,99,2,2,3),
(613,99,3,2,0),
(614,99,4,2,0),
(615,99,1,14,0),
(616,99,2,14,3),
(617,99,3,14,7),
(618,99,4,14,6),
(619,26,1,4,0),
(620,26,2,4,7),
(621,26,3,4,10),
(622,26,4,4,7),
(623,26,1,16,7),
(624,26,2,16,3),
(625,26,3,16,7),
(626,26,4,16,0),
(627,33,1,4,7),
(628,33,2,4,7),
(629,33,3,4,7),
(630,33,4,4,3),
(631,33,1,3,0),
(632,33,2,3,3),
(633,33,3,3,0),
(634,33,4,3,0),
(635,104,1,4,7),
(636,104,2,4,8),
(637,104,3,4,0),
(638,104,4,4,0),
(639,104,1,12,3),
(640,104,2,12,10),
(641,104,3,12,10),
(642,104,4,12,14),
(643,6,1,3,0),
(644,6,2,3,10),
(645,6,3,3,3),
(646,6,4,3,3),
(647,6,1,10,0),
(648,6,2,10,0),
(649,6,3,10,7),
(650,6,4,10,3),
(651,83,1,3,0),
(652,83,2,3,7),
(653,83,3,3,7),
(654,83,4,3,7),
(655,83,1,13,14),
(656,83,2,13,0),
(657,83,3,13,13),
(658,83,4,13,14),
(659,94,1,3,7),
(660,94,2,3,3),
(661,94,3,3,0),
(662,94,4,3,6),
(663,94,1,15,0),
(664,94,2,15,22),
(665,94,3,15,3),
(666,94,4,15,7),
(667,1,1,6,7),
(668,1,2,6,6),
(669,1,3,6,7),
(670,1,4,6,7),
(671,1,1,9,7),
(672,1,2,9,3),
(673,1,3,9,0),
(674,1,4,9,10),
(675,30,1,6,3),
(676,30,2,6,7),
(677,30,3,6,7),
(678,30,4,6,9),
(679,30,1,10,3),
(680,30,2,10,13),
(681,30,3,10,6),
(682,30,4,10,3),
(683,60,1,6,0),
(684,60,2,6,7),
(685,60,3,6,3),
(686,60,4,6,7),
(687,60,1,8,10),
(688,60,2,8,0),
(689,60,3,8,0),
(690,60,4,8,0),
(691,29,1,5,0),
(692,29,2,5,0),
(693,29,3,5,0),
(694,29,4,5,6),
(695,29,1,12,7),
(696,29,2,12,3),
(697,29,3,12,3),
(698,29,4,12,0),
(699,39,1,5,14),
(700,39,2,5,6),
(701,39,3,5,0),
(702,39,4,5,6),
(703,56,1,5,0),
(704,56,2,5,0),
(705,56,3,5,7),
(706,56,4,5,3),
(707,56,1,4,0),
(708,56,2,4,6),
(709,56,3,4,0),
(710,56,4,4,3),
(711,73,1,5,0),
(712,73,2,5,13),
(713,73,3,5,7),
(714,73,4,5,14),
(715,73,1,7,10),
(716,73,2,7,0),
(717,73,3,7,0),
(718,73,4,7,8),
(719,87,1,5,0),
(720,87,2,5,0),
(721,87,3,5,0),
(722,87,4,5,16),
(723,87,1,8,10),
(724,87,2,8,10),
(725,87,3,8,3),
(726,87,4,8,0),
(727,11,1,8,3),
(728,11,2,8,3),
(729,11,3,8,3),
(730,11,4,8,13),
(731,11,1,7,7),
(732,11,2,7,0),
(733,11,3,7,0),
(734,11,4,7,3),
(735,38,1,8,7),
(736,38,2,8,3),
(737,38,3,8,0),
(738,38,4,8,0),
(739,38,1,12,0),
(740,38,2,12,7),
(741,38,3,12,3),
(742,38,4,12,10),
(743,18,1,7,0),
(744,18,2,7,6),
(745,18,3,7,7),
(746,18,4,7,13),
(747,18,1,9,3),
(748,18,2,9,6),
(749,18,3,9,7),
(750,18,4,9,7),
(751,88,1,7,7),
(752,88,2,7,0),
(753,88,3,7,0),
(754,88,4,7,6),
(755,88,1,12,3),
(756,88,2,12,9),
(757,88,3,12,10),
(758,88,4,12,10),
(759,68,1,9,7),
(760,68,2,9,7),
(761,68,3,9,7),
(762,68,4,9,17),
(763,68,1,10,0),
(764,68,2,10,17),
(765,68,3,10,7),
(766,68,4,10,14),
(767,55,1,12,0),
(768,55,2,12,3),
(769,55,3,12,7),
(770,55,4,12,14),
(771,55,1,14,14),
(772,55,2,14,3),
(773,55,3,14,0),
(774,55,4,14,10),
(775,97,1,11,0),
(776,97,2,11,6),
(777,97,3,11,0),
(778,97,4,11,8),
(779,97,1,10,7),
(780,97,2,10,0),
(781,97,3,10,14),
(782,97,4,10,0),
(783,23,1,11,7),
(784,23,2,11,6),
(785,23,3,11,3),
(786,23,4,11,2),
(787,23,1,15,0),
(788,23,2,15,3),
(789,23,3,15,7),
(790,23,4,15,3),
(791,61,1,11,10),
(792,61,2,11,0),
(793,61,3,11,0),
(794,61,4,11,6),
(795,61,1,7,0),
(796,61,2,7,10),
(797,61,3,7,10),
(798,61,4,7,0),
(799,7,1,13,6),
(800,7,2,13,6),
(801,7,3,13,3),
(802,7,4,13,14),
(803,7,1,14,7),
(804,7,2,14,0),
(805,7,3,14,6),
(806,7,4,14,14),
(807,54,1,13,7),
(808,54,2,13,10),
(809,54,3,13,0),
(810,54,4,13,7),
(811,54,1,15,10),
(812,54,2,15,3),
(813,54,3,15,7),
(814,54,4,15,0),
(815,86,1,14,7),
(816,86,2,14,3),
(817,86,3,14,0),
(818,86,4,14,10),
(819,86,1,16,7),
(820,86,2,16,3),
(821,86,3,16,7),
(822,86,4,16,0),
(823,70,1,14,7),
(824,70,2,14,3),
(825,70,3,14,0),
(826,70,4,14,24),
(827,70,1,15,0),
(828,70,2,15,13),
(829,70,3,15,7),
(830,70,4,15,17),
(831,107,1,28,14),
(832,107,2,28,0),
(833,107,3,28,3),
(834,107,4,28,3),
(835,107,1,22,7),
(836,107,2,22,7),
(837,107,3,22,7),
(838,107,4,22,9),
(839,111,1,27,0),
(840,111,2,27,13),
(841,111,3,27,7),
(842,111,4,27,10),
(843,111,1,15,0),
(844,111,2,15,10),
(845,111,3,15,7),
(846,111,4,15,10),
(847,112,1,21,0),
(848,112,2,21,7),
(849,112,3,21,11),
(850,112,4,21,10),
(851,112,1,2,10),
(852,112,2,2,3),
(853,112,3,2,7),
(854,112,4,2,7),
(855,113,1,4,6),
(856,113,2,4,7),
(857,113,3,4,3),
(858,113,4,4,6),
(859,113,1,3,7),
(860,113,2,3,0),
(861,113,3,3,7),
(862,113,4,3,11),
(863,108,1,9,0),
(864,108,2,9,10),
(865,108,3,9,7),
(866,108,4,9,7),
(867,108,1,11,3),
(868,108,2,11,3),
(869,108,3,11,14),
(870,108,4,11,9),
(871,115,1,10,7),
(872,115,2,10,3),
(873,115,3,10,7),
(874,115,4,10,0),
(875,115,1,17,0),
(876,115,2,17,10),
(877,115,3,17,14),
(878,115,4,17,13),
(879,110,1,14,10),
(880,110,2,14,0),
(881,110,3,14,3),
(882,110,4,14,7),
(883,110,1,13,3),
(884,110,2,13,14),
(885,110,3,13,3),
(886,110,4,13,3),
(887,109,1,16,7),
(888,109,2,16,7),
(889,109,3,16,0),
(890,109,4,16,0),
(891,109,1,26,14),
(892,109,2,26,21),
(893,109,3,26,17),
(894,109,4,26,0),
(895,114,1,29,7),
(896,114,2,29,17),
(897,114,3,29,7),
(898,114,4,29,0),
(899,114,1,32,7),
(900,114,2,32,10),
(901,114,3,32,0),
(902,114,4,32,9),
(903,116,1,8,0),
(904,116,2,8,9),
(905,116,3,8,7),
(906,116,4,8,10),
(907,116,1,30,2),
(908,116,2,30,3),
(909,116,3,30,3),
(910,116,4,30,0),
(911,117,1,1,7),
(912,117,2,1,7),
(913,117,3,1,10),
(914,117,4,1,7),
(915,117,1,24,0),
(916,117,2,24,3),
(917,117,3,24,0),
(918,117,4,24,7),
(919,79,1,23,3),
(920,79,2,23,13),
(921,79,3,23,7),
(922,79,4,23,13),
(923,79,1,24,0),
(924,79,2,24,3),
(925,79,3,24,14),
(926,79,4,24,7),
(927,118,1,20,6),
(928,118,2,20,3),
(929,118,3,20,3),
(930,118,4,20,6),
(931,118,1,25,0),
(932,118,2,25,0),
(933,118,3,25,7),
(934,118,4,25,8),
(935,120,1,6,7),
(936,120,2,6,10),
(937,120,3,6,0),
(938,120,4,6,10),
(939,120,1,7,7),
(940,120,2,7,3),
(941,120,3,7,3),
(942,120,4,7,7),
(943,119,1,31,7),
(944,119,2,31,0),
(945,119,3,31,0),
(946,119,4,31,7),
(947,119,1,5,0),
(948,119,2,5,21),
(949,119,3,5,7),
(950,119,4,5,0),
(951,121,1,19,0),
(952,121,2,19,10),
(953,121,3,19,0),
(954,121,4,19,14),
(955,121,1,23,3),
(956,121,2,23,3),
(957,121,3,23,21),
(958,121,4,23,3),
(959,122,1,18,3),
(960,122,2,18,6),
(961,122,3,18,0),
(962,122,4,18,9),
(963,122,1,12,6),
(964,122,2,12,3),
(965,122,3,12,7),
(966,122,4,12,10),
(967,81,1,20,3),
(968,81,2,20,7),
(969,81,3,20,3),
(970,81,4,20,10),
(971,80,1,25,0),
(972,80,2,25,14),
(973,80,3,25,7),
(974,80,4,25,14),
(975,39,1,32,0),
(976,39,2,32,7),
(977,39,3,32,0),
(978,39,4,32,0),
(1031,15,5,26,6),
(1032,15,5,22,0),
(1033,25,5,3,0),
(1034,25,5,24,3),
(1035,65,5,32,0),
(1036,65,5,29,6),
(1037,68,5,9,3),
(1038,68,5,10,0);
/*!40000 ALTER TABLE `score` ENABLE KEYS */;
UNLOCK TABLES;

--
-- Table structure for table `score_backup`
--

DROP TABLE IF EXISTS `score_backup`;
/*!40101 SET @saved_cs_client     = @@character_set_client */;
/*!40101 SET character_set_client = utf8 */;
CREATE TABLE `score_backup` (
  `pkey` int(11) NOT NULL DEFAULT 0,
  `quarter` int(11) NOT NULL,
  `team` int(11) NOT NULL,
  `amount` int(11) NOT NULL,
  `game` int(11) NOT NULL
) ENGINE=InnoDB DEFAULT CHARSET=utf8mb4 COLLATE=utf8mb4_general_ci;
/*!40101 SET character_set_client = @saved_cs_client */;

--
-- Dumping data for table `score_backup`
--

LOCK TABLES `score_backup` WRITE;
/*!40000 ALTER TABLE `score_backup` DISABLE KEYS */;
INSERT INTO `score_backup` VALUES
(0,5,17,2442,2),
(1,1,17,0,2),
(2,2,17,17,2),
(3,3,17,14,2),
(4,4,17,3,2),
(5,1,27,6,2),
(6,2,27,13,2),
(7,3,27,7,2),
(8,4,27,3,2),
(9,1,17,0,32),
(10,2,17,7,32),
(11,3,17,3,32),
(12,4,17,11,32),
(13,1,29,0,32),
(14,2,29,6,32),
(15,3,29,9,32),
(16,4,29,7,32),
(37,1,17,0,37),
(38,2,17,0,37),
(39,3,17,0,37),
(40,4,17,15,37),
(41,1,30,3,37),
(42,2,30,0,37),
(43,3,30,0,37),
(44,4,30,9,37),
(45,1,17,0,57),
(46,2,17,7,57),
(47,3,17,9,57),
(48,4,17,0,57),
(49,1,32,14,57),
(50,2,32,10,57),
(51,3,32,6,57),
(52,4,32,3,57),
(53,1,17,0,85),
(54,2,17,10,85),
(55,3,17,3,85),
(56,4,17,7,85),
(57,1,11,0,85),
(58,2,11,10,85),
(59,3,11,0,85),
(60,4,11,6,85),
(61,1,17,0,101),
(62,2,17,14,101),
(63,3,17,7,101),
(64,4,17,7,101),
(65,1,18,0,101),
(66,2,18,3,101),
(67,3,18,0,101),
(68,4,18,0,101),
(69,1,18,3,10),
(70,2,18,0,10),
(71,3,18,3,10),
(72,4,18,0,10),
(73,1,28,7,10),
(74,2,28,7,10),
(75,3,28,14,10),
(76,4,28,0,10),
(77,1,18,6,27),
(78,2,18,6,27),
(79,3,18,0,27),
(80,4,18,6,27),
(81,1,20,3,27),
(82,2,20,6,27),
(83,3,20,6,27),
(84,4,20,6,27),
(85,1,18,7,34),
(86,2,18,14,34),
(87,3,18,0,34),
(88,4,18,0,34),
(89,1,11,7,34),
(90,2,11,0,34),
(91,3,11,0,34),
(92,4,11,8,34),
(93,1,18,3,49),
(94,2,18,6,49),
(95,3,18,3,49),
(96,4,18,3,49),
(97,1,19,7,49),
(98,2,19,7,49),
(99,3,19,3,49),
(100,4,19,3,49),
(101,1,18,0,76),
(102,2,18,10,76),
(103,3,18,10,76),
(104,4,18,9,76),
(105,1,24,7,76),
(106,2,24,3,76),
(107,3,24,3,76),
(108,4,24,7,76),
(109,1,18,0,91),
(110,2,18,0,91),
(111,3,18,7,91),
(112,4,18,0,91),
(113,1,10,7,91),
(114,2,10,0,91),
(115,3,10,3,91),
(116,4,10,7,91),
(117,1,20,0,14),
(118,2,20,7,14),
(119,3,20,7,14),
(120,4,20,6,14),
(121,1,32,6,14),
(122,2,32,10,14),
(123,3,32,7,14),
(124,4,32,14,14),
(125,1,20,7,48),
(126,2,20,14,48),
(127,3,20,7,48),
(128,4,20,10,48),
(129,1,10,7,48),
(130,2,10,6,48),
(131,3,10,7,48),
(132,4,10,13,48),
(133,1,20,7,58),
(134,2,20,10,58),
(135,3,20,10,58),
(136,4,20,15,58),
(137,1,21,7,58),
(138,2,21,0,58),
(139,3,21,7,58),
(140,4,21,0,58),
(141,1,20,7,72),
(142,2,20,17,72),
(143,3,20,10,72),
(144,4,20,0,72),
(145,1,11,0,72),
(146,2,11,3,72),
(147,3,11,3,72),
(148,4,11,7,72),
(153,1,9,3,81),
(154,2,9,14,81),
(155,3,9,10,81),
(156,4,9,3,81),
(157,1,20,10,102),
(158,2,20,17,102),
(159,3,20,10,102),
(160,4,20,3,102),
(161,1,31,0,102),
(162,2,31,0,102),
(163,3,31,0,102),
(164,4,31,7,102),
(165,1,19,7,13),
(166,2,19,13,13),
(167,3,19,10,13),
(168,4,19,3,13),
(169,1,11,3,13),
(170,2,11,0,13),
(171,3,11,7,13),
(172,4,11,7,13),
(173,1,19,3,20),
(174,2,19,13,20),
(175,3,19,3,20),
(176,4,19,0,20),
(177,1,30,14,20),
(178,2,30,21,20),
(179,3,30,6,20),
(180,4,30,3,20),
(181,1,19,3,44),
(182,2,19,3,44),
(183,3,19,0,44),
(184,4,19,19,44),
(185,1,9,14,44),
(186,2,9,7,44),
(187,3,9,7,44),
(188,4,9,0,44),
(189,1,19,3,77),
(190,2,19,3,77),
(191,3,19,0,77),
(192,4,19,14,77),
(193,1,12,3,77),
(194,2,12,0,77),
(195,3,12,7,77),
(196,4,12,7,77),
(197,1,19,3,90),
(198,2,19,3,90),
(199,3,19,3,90),
(200,4,19,0,90),
(201,1,26,7,90),
(202,2,26,20,90),
(203,3,26,10,90),
(204,4,26,10,90),
(205,1,24,3,12),
(206,2,24,6,12),
(207,3,24,10,12),
(208,4,24,7,12),
(209,1,5,3,12),
(210,2,5,10,12),
(211,3,5,0,12),
(212,4,5,7,12),
(213,1,24,7,25),
(214,2,24,10,25),
(215,3,24,0,25),
(216,4,24,3,25),
(217,1,3,7,25),
(218,2,3,6,25),
(219,3,3,0,25),
(220,4,3,7,25),
(221,1,24,17,42),
(222,2,24,0,42),
(223,3,24,0,42),
(224,4,24,7,42),
(225,1,2,3,42),
(226,2,2,0,42),
(227,3,2,0,42),
(228,4,2,0,42),
(229,1,24,0,64),
(230,2,24,7,64),
(231,3,24,13,64),
(232,4,24,9,64),
(233,1,26,7,64),
(234,2,26,14,64),
(235,3,26,14,64),
(236,4,26,7,64),
(245,1,24,3,95),
(246,2,24,14,95),
(247,3,24,7,95),
(248,4,24,10,95),
(249,1,29,0,95),
(250,2,29,7,95),
(251,3,29,7,95),
(252,4,29,0,95),
(253,1,21,7,4),
(254,2,21,10,4),
(255,3,21,0,4),
(256,4,21,11,4),
(257,1,1,0,4),
(258,2,1,10,4),
(259,3,1,14,4),
(260,4,1,10,4),
(261,1,21,14,28),
(262,2,21,10,28),
(263,3,21,10,28),
(264,4,21,7,28),
(265,1,22,0,28),
(266,2,22,3,28),
(267,3,22,7,28),
(268,4,22,0,28),
(269,1,21,7,43),
(270,2,21,3,43),
(271,3,21,0,43),
(272,4,21,3,43),
(273,1,26,7,43),
(274,2,26,13,43),
(275,3,26,0,43),
(276,4,26,0,43),
(277,1,21,7,74),
(278,2,21,3,74),
(279,3,21,3,74),
(280,4,21,11,74),
(281,1,23,10,74),
(282,2,23,13,74),
(283,3,23,0,74),
(284,4,23,0,74),
(285,1,21,0,82),
(286,2,21,10,82),
(287,3,21,3,82),
(288,4,21,0,82),
(289,1,27,7,82),
(290,2,27,17,82),
(291,3,27,7,82),
(292,4,27,3,82),
(293,1,21,0,106),
(294,2,21,7,106),
(295,3,21,0,106),
(296,4,21,10,106),
(297,1,8,0,106),
(298,2,8,6,106),
(299,3,8,3,106),
(300,4,8,6,106),
(309,1,22,3,15),
(310,2,22,0,15),
(311,3,22,7,15),
(312,4,22,10,15),
(313,1,26,0,15),
(314,2,26,10,15),
(315,3,26,7,15),
(316,4,26,3,15),
(325,1,22,0,45),
(326,2,22,7,45),
(327,3,22,7,45),
(328,4,22,13,45),
(329,1,23,14,45),
(330,2,23,0,45),
(331,3,23,7,45),
(332,4,23,3,45),
(333,1,22,3,52),
(334,2,22,3,52),
(335,3,22,3,52),
(336,4,22,9,52),
(337,1,25,0,52),
(338,2,25,10,52),
(339,3,25,7,52),
(340,4,25,7,52),
(345,1,22,0,123),
(346,2,22,14,123),
(347,3,22,6,123),
(348,4,22,0,123),
(349,1,7,0,123),
(350,2,7,6,123),
(351,3,7,3,123),
(352,4,7,6,123),
(353,1,23,3,16),
(354,2,23,13,16),
(355,3,23,10,16),
(356,4,23,6,16),
(357,1,4,7,16),
(358,2,4,0,16),
(359,3,4,6,16),
(360,4,4,6,16),
(361,1,23,0,24),
(362,2,23,7,24),
(363,3,23,0,24),
(364,4,23,10,24),
(365,1,28,3,24),
(366,2,28,10,24),
(367,3,28,7,24),
(368,4,28,3,24),
(369,1,23,6,59),
(370,2,23,14,59),
(371,3,23,7,59),
(372,4,23,3,59),
(373,1,3,0,59),
(374,2,3,3,59),
(375,3,3,7,59),
(376,4,3,3,59),
(377,1,23,3,103),
(378,2,23,3,103),
(379,3,23,6,103),
(380,4,23,6,103),
(381,1,6,0,103),
(382,2,6,14,103),
(383,3,6,0,103),
(384,4,6,14,103),
(385,1,32,6,21),
(386,2,32,7,21),
(387,3,32,7,21),
(388,4,32,0,21),
(389,1,26,3,21),
(390,2,26,3,21),
(391,3,26,10,21),
(392,4,26,0,21),
(393,1,26,0,100),
(394,2,26,21,100),
(395,3,26,7,100),
(396,4,26,3,100),
(397,1,28,10,100),
(398,2,28,0,100),
(399,3,28,7,100),
(400,4,28,12,100),
(401,1,28,14,36),
(402,2,28,0,36),
(403,3,28,7,36),
(404,4,28,13,36),
(405,1,13,0,36),
(406,2,13,0,36),
(407,3,13,7,36),
(408,4,13,0,36),
(409,1,28,14,53),
(410,2,28,14,53),
(411,3,28,0,53),
(412,4,28,3,53),
(413,1,27,0,53),
(414,2,27,7,53),
(415,3,27,0,53),
(416,4,27,22,53),
(417,1,28,10,66),
(418,2,28,7,66),
(419,3,28,0,66),
(420,4,28,6,66),
(421,1,4,0,66),
(422,2,4,7,66),
(423,3,4,3,66),
(424,4,4,7,66),
(425,1,27,10,22),
(426,2,27,0,22),
(427,3,27,3,22),
(428,4,27,3,22),
(429,1,14,0,22),
(430,2,14,0,22),
(431,3,14,3,22),
(432,4,14,7,22),
(433,1,27,17,40),
(434,2,27,3,40),
(435,3,27,7,40),
(436,4,27,3,40),
(437,1,16,7,40),
(438,2,16,0,40),
(439,3,16,7,40),
(440,4,16,0,40),
(449,1,27,0,98),
(450,2,27,14,98),
(451,3,27,7,98),
(452,4,27,3,98),
(453,1,13,3,98),
(454,2,13,16,98),
(455,3,13,0,98),
(456,4,13,3,98),
(457,1,22,0,75),
(458,2,22,13,75),
(459,3,22,0,75),
(460,4,22,6,75),
(461,1,27,7,75),
(462,2,27,13,75),
(463,3,27,14,75),
(464,4,27,0,75),
(465,1,25,0,5),
(466,2,25,3,5),
(467,3,25,7,5),
(468,4,25,14,5),
(469,1,16,7,5),
(470,2,16,10,5),
(471,3,16,0,5),
(472,4,16,0,5),
(473,1,25,3,31),
(474,2,25,7,31),
(475,3,25,0,31),
(476,4,25,3,31),
(477,1,13,3,31),
(478,2,13,13,31),
(479,3,13,0,31),
(480,4,13,3,31),
(481,1,25,0,35),
(482,2,25,0,35),
(483,3,25,3,35),
(484,4,25,13,35),
(485,1,14,0,35),
(486,2,14,7,35),
(487,3,14,7,35),
(488,4,14,7,35),
(489,1,25,7,67),
(490,2,25,20,67),
(491,3,25,3,67),
(492,4,25,6,67),
(493,1,31,7,67),
(494,2,31,0,67),
(495,3,31,3,67),
(496,4,31,0,67),
(501,1,15,3,80),
(502,2,15,0,80),
(503,3,15,7,80),
(504,4,15,6,80),
(505,1,29,3,3),
(506,2,29,7,3),
(507,3,29,0,3),
(508,4,29,0,3),
(509,1,12,3,3),
(510,2,12,6,3),
(511,3,12,6,3),
(512,4,12,3,3),
(521,1,29,7,50),
(522,2,29,10,50),
(523,3,29,3,50),
(524,4,29,6,50),
(525,1,30,7,50),
(526,2,30,7,50),
(527,3,30,3,50),
(528,4,30,7,50),
(529,1,29,7,65),
(530,2,29,10,65),
(531,3,29,3,65),
(532,4,29,10,65),
(533,1,32,10,65),
(534,2,32,14,65),
(535,3,32,3,65),
(536,4,32,3,65),
(561,1,32,17,84),
(562,2,32,7,84),
(563,3,32,7,84),
(564,4,32,20,84),
(565,1,30,0,84),
(566,2,30,27,84),
(567,3,30,0,84),
(568,4,30,0,84),
(569,1,32,10,105),
(570,2,32,0,105),
(571,3,32,0,105),
(572,4,32,21,105),
(573,1,9,0,105),
(574,2,9,17,105),
(575,3,9,17,105),
(576,4,9,7,105),
(577,1,30,17,9),
(578,2,30,13,9),
(579,3,30,7,9),
(580,4,30,10,9),
(581,1,31,0,9),
(582,2,31,3,9),
(583,3,31,7,9),
(584,4,31,0,9),
(585,1,30,0,78),
(586,2,30,7,78),
(587,3,30,0,78),
(588,4,30,6,78),
(589,1,6,7,78),
(590,2,6,9,78),
(591,3,6,0,78),
(592,4,6,10,78),
(593,1,30,0,93),
(594,2,30,3,93),
(595,3,30,0,93),
(596,4,30,7,93),
(597,1,5,3,93),
(598,2,5,13,93),
(599,3,5,10,93),
(600,4,5,7,93),
(601,1,31,0,19),
(602,2,31,0,19),
(603,3,31,3,19),
(604,4,31,0,19),
(605,1,8,6,19),
(606,2,8,14,19),
(607,3,8,3,19),
(608,4,8,3,19),
(609,1,31,7,41),
(610,2,31,14,41),
(611,3,31,6,41),
(612,4,31,9,41),
(613,1,7,7,41),
(614,2,7,0,41),
(615,3,7,0,41),
(616,4,7,15,41),
(617,1,31,0,51),
(618,2,31,14,51),
(619,3,31,7,51),
(620,4,31,3,51),
(621,1,10,7,51),
(622,2,10,14,51),
(623,3,10,10,51),
(624,4,10,3,51),
(633,1,29,7,89),
(634,2,29,15,89),
(635,3,29,6,89),
(636,4,29,10,89),
(637,1,31,7,89),
(638,2,31,10,89),
(639,3,31,3,89),
(640,4,31,0,89),
(641,1,1,7,17),
(642,2,1,17,17),
(643,3,1,7,17),
(644,4,1,0,17),
(645,1,2,7,17),
(646,2,2,3,17),
(647,3,2,0,17),
(648,4,2,0,17),
(649,1,1,13,47),
(650,2,1,21,47),
(651,3,1,3,47),
(652,4,1,10,47),
(653,1,15,0,47),
(654,2,15,3,47),
(655,3,15,7,47),
(656,4,15,0,47),
(657,1,1,3,62),
(658,2,1,0,62),
(659,3,1,7,62),
(660,4,1,0,62),
(661,1,9,7,62),
(662,2,9,14,62),
(663,3,9,7,62),
(664,4,9,7,62),
(665,1,1,3,69),
(666,2,1,0,69),
(667,3,1,14,69),
(668,4,1,3,69),
(669,1,13,14,69),
(670,2,13,3,69),
(671,3,13,3,69),
(672,4,13,3,69),
(681,1,1,7,92),
(682,2,1,13,92),
(683,3,1,0,92),
(684,4,1,3,92),
(689,1,4,10,92),
(690,2,4,7,92),
(691,3,4,3,92),
(692,4,4,0,92),
(693,1,1,0,96),
(694,2,1,7,96),
(695,3,1,10,96),
(696,4,1,17,96),
(697,1,16,3,96),
(698,2,16,7,96),
(699,3,16,0,96),
(700,4,16,0,96),
(701,1,2,0,8),
(702,2,2,7,8),
(703,3,2,7,8),
(704,4,2,6,8),
(705,1,15,7,8),
(706,2,15,10,8),
(707,3,15,0,8),
(708,4,15,0,8),
(709,1,2,0,63),
(710,2,2,3,63),
(711,3,2,3,63),
(712,4,2,6,63),
(713,1,16,0,63),
(714,2,16,9,63),
(715,3,16,10,63),
(716,4,16,12,63),
(737,1,2,3,71),
(738,2,2,0,71),
(739,3,2,6,71),
(740,4,2,6,71),
(741,1,3,7,71),
(742,2,3,0,71),
(743,3,3,3,71),
(744,4,3,6,71),
(745,1,2,7,99),
(746,2,2,3,99),
(747,3,2,0,99),
(748,4,2,0,99),
(749,1,14,0,99),
(750,2,14,3,99),
(751,3,14,7,99),
(752,4,14,6,99),
(753,1,4,0,26),
(754,2,4,7,26),
(755,3,4,10,26),
(756,4,4,7,26),
(757,1,16,7,26),
(758,2,16,3,26),
(759,3,16,7,26),
(760,4,16,0,26),
(761,1,4,7,33),
(762,2,4,7,33),
(763,3,4,7,33),
(764,4,4,3,33),
(765,1,3,0,33),
(766,2,3,3,33),
(767,3,3,0,33),
(768,4,3,0,33),
(777,1,4,7,104),
(778,2,4,8,104),
(779,3,4,0,104),
(780,4,4,0,104),
(781,1,12,3,104),
(782,2,12,10,104),
(783,3,12,10,104),
(784,4,12,14,104),
(785,1,3,0,6),
(786,2,3,10,6),
(787,3,3,3,6),
(788,4,3,3,6),
(789,1,10,0,6),
(790,2,10,0,6),
(791,3,10,7,6),
(792,4,10,3,6),
(793,1,3,0,83),
(794,2,3,7,83),
(795,3,3,7,83),
(796,4,3,7,83),
(797,1,13,14,83),
(798,2,13,0,83),
(799,3,13,13,83),
(800,4,13,14,83),
(801,1,3,7,94),
(802,2,3,3,94),
(803,3,3,0,94),
(804,4,3,6,94),
(805,1,15,0,94),
(806,2,15,22,94),
(807,3,15,3,94),
(808,4,15,7,94),
(809,1,6,7,1),
(810,2,6,6,1),
(811,3,6,7,1),
(812,4,6,7,1),
(813,1,9,7,1),
(814,2,9,3,1),
(815,3,9,0,1),
(816,4,9,10,1),
(817,1,6,3,30),
(818,2,6,7,30),
(819,3,6,7,30),
(820,4,6,9,30),
(821,1,10,3,30),
(822,2,10,13,30),
(823,3,10,6,30),
(824,4,10,3,30),
(825,1,6,0,60),
(826,2,6,7,60),
(827,3,6,3,60),
(828,4,6,7,60),
(829,1,8,10,60),
(830,2,8,0,60),
(831,3,8,0,60),
(832,4,8,0,60),
(833,1,5,0,29),
(834,2,5,0,29),
(835,3,5,0,29),
(836,4,5,6,29),
(837,1,12,7,29),
(838,2,12,3,29),
(839,3,12,3,29),
(840,4,12,0,29),
(849,1,5,14,39),
(850,2,5,6,39),
(851,3,5,0,39),
(852,4,5,6,39),
(857,1,5,0,56),
(858,2,5,0,56),
(859,3,5,7,56),
(860,4,5,3,56),
(861,1,4,0,56),
(862,2,4,6,56),
(863,3,4,0,56),
(864,4,4,3,56),
(869,1,5,0,73),
(870,2,5,13,73),
(871,3,5,7,73),
(872,4,5,14,73),
(873,1,7,10,73),
(874,2,7,0,73),
(875,3,7,0,73),
(876,4,7,8,73),
(877,1,5,0,87),
(878,2,5,0,87),
(879,3,5,0,87),
(880,4,5,16,87),
(881,1,8,10,87),
(882,2,8,10,87),
(883,3,8,3,87),
(884,4,8,0,87),
(885,1,8,3,11),
(886,2,8,3,11),
(887,3,8,3,11),
(888,4,8,13,11),
(889,1,7,7,11),
(890,2,7,0,11),
(891,3,7,0,11),
(892,4,7,3,11),
(893,1,8,7,38),
(894,2,8,3,38),
(895,3,8,0,38),
(896,4,8,0,38),
(897,1,12,0,38),
(898,2,12,7,38),
(899,3,12,3,38),
(900,4,12,10,38),
(901,1,7,0,18),
(902,2,7,6,18),
(903,3,7,7,18),
(904,4,7,13,18),
(905,1,9,3,18),
(906,2,9,6,18),
(907,3,9,7,18),
(908,4,9,7,18),
(909,1,7,7,88),
(910,2,7,0,88),
(911,3,7,0,88),
(912,4,7,6,88),
(913,1,12,3,88),
(914,2,12,9,88),
(915,3,12,10,88),
(916,4,12,10,88),
(917,1,9,7,68),
(918,2,9,7,68),
(919,3,9,7,68),
(920,4,9,17,68),
(921,1,10,0,68),
(922,2,10,17,68),
(923,3,10,7,68),
(924,4,10,14,68),
(925,1,12,0,55),
(926,2,12,3,55),
(927,3,12,7,55),
(928,4,12,14,55),
(929,1,14,14,55),
(930,2,14,3,55),
(931,3,14,0,55),
(932,4,14,10,55),
(933,1,11,0,97),
(934,2,11,6,97),
(935,3,11,0,97),
(936,4,11,8,97),
(937,1,10,7,97),
(938,2,10,0,97),
(939,3,10,14,97),
(940,4,10,0,97),
(941,1,11,7,23),
(942,2,11,6,23),
(943,3,11,3,23),
(944,4,11,2,23),
(945,1,15,0,23),
(946,2,15,3,23),
(947,3,15,7,23),
(948,4,15,3,23),
(957,1,11,10,61),
(958,2,11,0,61),
(959,3,11,0,61),
(960,4,11,6,61),
(961,1,7,0,61),
(962,2,7,10,61),
(963,3,7,10,61),
(964,4,7,0,61),
(965,1,13,6,7),
(966,2,13,6,7),
(967,3,13,3,7),
(968,4,13,14,7),
(969,1,14,7,7),
(970,2,14,0,7),
(971,3,14,6,7),
(972,4,14,14,7),
(973,1,13,7,54),
(974,2,13,10,54),
(975,3,13,0,54),
(976,4,13,7,54),
(977,1,15,10,54),
(978,2,15,3,54),
(979,3,15,7,54),
(980,4,15,0,54),
(981,1,14,7,86),
(982,2,14,3,86),
(983,3,14,0,86),
(984,4,14,10,86),
(985,1,16,7,86),
(986,2,16,3,86),
(987,3,16,7,86),
(988,4,16,0,86),
(993,1,14,7,70),
(994,2,14,3,70),
(995,3,14,0,70),
(996,4,14,24,70),
(997,1,15,0,70),
(998,2,15,13,70),
(999,3,15,7,70),
(1000,4,15,17,70),
(1001,1,28,14,107),
(1002,2,28,0,107),
(1003,3,28,3,107),
(1004,4,28,3,107),
(1005,1,22,7,107),
(1006,2,22,7,107),
(1007,3,22,7,107),
(1008,4,22,9,107),
(1009,1,27,0,111),
(1010,2,27,13,111),
(1011,3,27,7,111),
(1012,4,27,10,111),
(1013,1,15,0,111),
(1014,2,15,10,111),
(1015,3,15,7,111),
(1016,4,15,10,111),
(1017,1,21,0,112),
(1018,2,21,7,112),
(1019,3,21,11,112),
(1020,4,21,10,112),
(1021,1,2,10,112),
(1022,2,2,3,112),
(1023,3,2,7,112),
(1024,4,2,7,112),
(1025,1,4,6,113),
(1026,2,4,7,113),
(1027,3,4,3,113),
(1028,4,4,6,113),
(1029,1,3,7,113),
(1030,2,3,0,113),
(1031,3,3,7,113),
(1032,4,3,11,113),
(1033,1,9,0,108),
(1034,2,9,10,108),
(1035,3,9,7,108),
(1036,4,9,7,108),
(1045,1,11,3,108),
(1046,2,11,3,108),
(1047,3,11,14,108),
(1048,4,11,9,108),
(1057,1,10,7,115),
(1058,2,10,3,115),
(1059,3,10,7,115),
(1060,4,10,0,115),
(1061,1,17,0,115),
(1062,2,17,10,115),
(1063,3,17,14,115),
(1064,4,17,13,115),
(1065,1,14,10,110),
(1066,2,14,0,110),
(1067,3,14,3,110),
(1068,4,14,7,110),
(1069,1,13,3,110),
(1070,2,13,14,110),
(1071,3,13,3,110),
(1072,4,13,3,110),
(1073,1,16,7,109),
(1074,2,16,7,109),
(1075,3,16,0,109),
(1076,4,16,0,109),
(1077,1,26,14,109),
(1078,2,26,21,109),
(1079,3,26,17,109),
(1080,4,26,0,109),
(1081,1,29,7,114),
(1082,2,29,17,114),
(1083,3,29,7,114),
(1084,4,29,0,114),
(1085,1,32,7,114),
(1086,2,32,10,114),
(1087,3,32,0,114),
(1088,4,32,9,114),
(1097,1,8,0,116),
(1098,2,8,9,116),
(1099,3,8,7,116),
(1100,4,8,10,116),
(1101,1,30,2,116),
(1102,2,30,3,116),
(1103,3,30,3,116),
(1104,4,30,0,116),
(1105,1,1,7,117),
(1106,2,1,7,117),
(1107,3,1,10,117),
(1108,4,1,7,117),
(1109,1,24,0,117),
(1110,2,24,3,117),
(1111,3,24,0,117),
(1112,4,24,7,117),
(1113,1,23,3,79),
(1114,2,23,13,79),
(1115,3,23,7,79),
(1116,4,23,13,79),
(1117,1,24,0,79),
(1118,2,24,3,79),
(1119,3,24,14,79),
(1120,4,24,7,79),
(1129,1,20,6,118),
(1130,2,20,3,118),
(1131,3,20,3,118),
(1132,4,20,6,118),
(1133,1,25,0,118),
(1134,2,25,0,118),
(1135,3,25,7,118),
(1136,4,25,8,118),
(1137,1,6,7,120),
(1138,2,6,10,120),
(1139,3,6,0,120),
(1140,4,6,10,120),
(1141,1,7,7,120),
(1142,2,7,3,120),
(1143,3,7,3,120),
(1144,4,7,7,120),
(1145,1,31,7,119),
(1146,2,31,0,119),
(1147,3,31,0,119),
(1148,4,31,7,119),
(1149,1,5,0,119),
(1150,2,5,21,119),
(1151,3,5,7,119),
(1152,4,5,0,119),
(1153,1,19,0,121),
(1154,2,19,10,121),
(1155,3,19,0,121),
(1156,4,19,14,121),
(1157,1,23,3,121),
(1158,2,23,3,121),
(1159,3,23,21,121),
(1160,4,23,3,121),
(1161,1,18,3,122),
(1162,2,18,6,122),
(1163,3,18,0,122),
(1164,4,18,9,122),
(1165,1,12,6,122),
(1166,2,12,3,122),
(1167,3,12,7,122),
(1168,4,12,10,122),
(1169,1,20,3,81),
(1170,2,20,7,81),
(1171,3,20,3,81),
(1172,4,20,10,81),
(1173,1,25,0,80),
(1174,2,25,14,80),
(1175,3,25,7,80),
(1176,4,25,14,80),
(1177,1,32,0,39),
(1178,2,32,7,39),
(1179,3,32,0,39),
(1180,4,32,0,39);
/*!40000 ALTER TABLE `score_backup` ENABLE KEYS */;
UNLOCK TABLES;

--
-- Temporary table structure for view `season`
--

DROP TABLE IF EXISTS `season`;
/*!50001 DROP VIEW IF EXISTS `season`*/;
SET @saved_cs_client     = @@character_set_client;
SET character_set_client = utf8;
/*!50001 CREATE VIEW `season` AS SELECT
 1 AS `week`,
  1 AS `visitor`,
  1 AS `host` */;
SET character_set_client = @saved_cs_client;

--
-- Table structure for table `team`
--

DROP TABLE IF EXISTS `team`;
/*!40101 SET @saved_cs_client     = @@character_set_client */;
/*!40101 SET character_set_client = utf8 */;
CREATE TABLE `team` (
  `pkey` int(11) NOT NULL AUTO_INCREMENT,
  `name` char(128) DEFAULT NULL,
  `dvsn` int(11) DEFAULT NULL,
  PRIMARY KEY (`pkey`),
  UNIQUE KEY `name` (`name`),
  KEY `dvsn` (`dvsn`),
  CONSTRAINT `team_ibfk_1` FOREIGN KEY (`dvsn`) REFERENCES `division` (`pkey`)
) ENGINE=InnoDB AUTO_INCREMENT=33 DEFAULT CHARSET=utf8mb4 COLLATE=utf8mb4_general_ci;
/*!40101 SET character_set_client = @saved_cs_client */;

--
-- Dumping data for table `team`
--

LOCK TABLES `team` WRITE;
/*!40000 ALTER TABLE `team` DISABLE KEYS */;
INSERT INTO `team` VALUES
(1,'Bills',1),
(2,'Dolphins',1),
(3,'Patriots',1),
(4,'Jets',1),
(5,'Broncos',2),
(6,'Chiefs',2),
(7,'Raiders',2),
(8,'Chargers',2),
(9,'Ravens',3),
(10,'Bengals',3),
(11,'Browns',3),
(12,'Steelers',3),
(13,'Texans',4),
(14,'Colts',4),
(15,'Jaguars',4),
(16,'Titans',4),
(17,'Eagles',5),
(18,'Giants',5),
(19,'Cowboys',5),
(20,'Commanders',5),
(21,'Cardinals',6),
(22,'Rams',6),
(23,'49ers',6),
(24,'Seahawks',6),
(25,'Bears',7),
(26,'Lions',7),
(27,'Packers',7),
(28,'Vikings',7),
(29,'Falcons',8),
(30,'Saints',8),
(31,'Panthers',8),
(32,'Buccaneers',8);
/*!40000 ALTER TABLE `team` ENABLE KEYS */;
UNLOCK TABLES;

--
-- Final view structure for view `Eagles`
--

/*!50001 DROP VIEW IF EXISTS `Eagles`*/;
/*!50001 SET @saved_cs_client          = @@character_set_client */;
/*!50001 SET @saved_cs_results         = @@character_set_results */;
/*!50001 SET @saved_col_connection     = @@collation_connection */;
/*!50001 SET character_set_client      = utf8mb3 */;
/*!50001 SET character_set_results     = utf8mb3 */;
/*!50001 SET collation_connection      = utf8mb3_general_ci */;
/*!50001 CREATE ALGORITHM=UNDEFINED */
/*!50013 DEFINER=`pbk`@`localhost` SQL SECURITY DEFINER */
/*!50001 VIEW `Eagles` AS select `Record`.`week` AS `Week`,`Record`.`at_home` AS `At Home?`,`Record`.`oponent` AS `Against`,`Record`.`game_for` AS `Pts For`,`Record`.`game_against` AS `Pts Against`,`Record`.`q1_for` AS `Q1 For`,`Record`.`q1_against` AS `Q1 Against`,`Record`.`q2_for` AS `Q2 For`,`Record`.`q2_against` AS `Q2 Against`,`Record`.`q3_for` AS `Q3 For`,`Record`.`q3_against` AS `Q3 Against`,`Record`.`q4_for` AS `Q4 For`,`Record`.`q4_against` AS `Q4 Against`,`Record`.`ot_for` AS `OT For`,`Record`.`ot_against` AS `OT Against` from `Record` where `Record`.`team` = 'Eagles' order by `Record`.`week` */;
/*!50001 SET character_set_client      = @saved_cs_client */;
/*!50001 SET character_set_results     = @saved_cs_results */;
/*!50001 SET collation_connection      = @saved_col_connection */;

--
-- Final view structure for view `Participants`
--

/*!50001 DROP VIEW IF EXISTS `Participants`*/;
/*!50001 SET @saved_cs_client          = @@character_set_client */;
/*!50001 SET @saved_cs_results         = @@character_set_results */;
/*!50001 SET @saved_col_connection     = @@collation_connection */;
/*!50001 SET character_set_client      = utf8mb3 */;
/*!50001 SET character_set_results     = utf8mb3 */;
/*!50001 SET collation_connection      = utf8mb4_general_ci */;
/*!50001 CREATE ALGORITHM=UNDEFINED */
/*!50013 DEFINER=`pbk`@`localhost` SQL SECURITY DEFINER */
/*!50001 VIEW `Participants` AS select 1 AS `Week`,1 AS `Team`,1 AS `Home?`,1 AS `Versus` */;
/*!50001 SET character_set_client      = @saved_cs_client */;
/*!50001 SET character_set_results     = @saved_cs_results */;
/*!50001 SET collation_connection      = @saved_col_connection */;

--
-- Final view structure for view `Record`
--

/*!50001 DROP VIEW IF EXISTS `Record`*/;
/*!50001 SET @saved_cs_client          = @@character_set_client */;
/*!50001 SET @saved_cs_results         = @@character_set_results */;
/*!50001 SET @saved_col_connection     = @@collation_connection */;
/*!50001 SET character_set_client      = utf8mb3 */;
/*!50001 SET character_set_results     = utf8mb3 */;
/*!50001 SET collation_connection      = utf8mb3_general_ci */;
/*!50001 CREATE ALGORITHM=UNDEFINED */
/*!50013 DEFINER=`pbk`@`localhost` SQL SECURITY DEFINER */
/*!50001 VIEW `Record` AS select `g`.`week` AS `week`,ucase(`c`.`tag`) AS `conference`,`d`.`name` AS `division`,`t`.`name` AS `team`,'Yes' AS `at_home`,`o`.`name` AS `oponent`,`q1t`.`amount` AS `q1_for`,`q2t`.`amount` AS `q2_for`,`q3t`.`amount` AS `q3_for`,`q4t`.`amount` AS `q4_for`,`ott`.`amount` AS `ot_for`,`q1o`.`amount` AS `q1_against`,`q2o`.`amount` AS `q2_against`,`q3o`.`amount` AS `q3_against`,`q4o`.`amount` AS `q4_against`,`oto`.`amount` AS `ot_against`,`q1t`.`amount` - `q1o`.`amount` AS `q1_net`,`q2t`.`amount` - `q2o`.`amount` AS `q2_net`,`q3t`.`amount` - `q3o`.`amount` AS `q3_net`,`q4t`.`amount` - `q4o`.`amount` AS `q4_net`,`q1t`.`amount` + `q2t`.`amount` + `q3t`.`amount` + `q4t`.`amount` + if(`ott`.`amount` is null,0,`ott`.`amount`) AS `game_for`,`q1o`.`amount` + `q2o`.`amount` + `q3o`.`amount` + `q4o`.`amount` + if(`oto`.`amount` is null,0,`oto`.`amount`) AS `game_against`,`q1t`.`amount` + `q2t`.`amount` + `q3t`.`amount` + `q4t`.`amount` + if(`ott`.`amount` is null,0,`ott`.`amount`) - (`q1o`.`amount` + `q2o`.`amount` + `q3o`.`amount` + `q4o`.`amount` + if(`oto`.`amount` is null,0,`oto`.`amount`)) AS `game_net`,if(`q1t`.`amount` + `q2t`.`amount` + `q3t`.`amount` + `q4t`.`amount` + if(`ott`.`amount` is null,0,`ott`.`amount`) > `q1o`.`amount` + `q2o`.`amount` + `q3o`.`amount` + `q4o`.`amount` + if(`oto`.`amount` is null,0,`oto`.`amount`),1,0) AS `won_game` from ((((((((((((((`game` `g` join `team` `t` on(`g`.`home` = `t`.`pkey`)) join `team` `o` on(`g`.`away` = `o`.`pkey`)) join `division` `d` on(`t`.`dvsn` = `d`.`pkey`)) join `conference` `c` on(`d`.`conf` = `c`.`pkey`)) left join `score` `q1t` on(`q1t`.`team` = `t`.`pkey` and `q1t`.`quarter` = 1 and `q1t`.`game` = `g`.`pkey`)) left join `score` `q2t` on(`q2t`.`team` = `t`.`pkey` and `q2t`.`quarter` = 2 and `q2t`.`game` = `g`.`pkey`)) left join `score` `q3t` on(`q3t`.`team` = `t`.`pkey` and `q3t`.`quarter` = 3 and `q3t`.`game` = `g`.`pkey`)) left join `score` `q4t` on(`q4t`.`team` = `t`.`pkey` and `q4t`.`quarter` = 4 and `q4t`.`game` = `g`.`pkey`)) left join `score` `ott` on(`ott`.`team` = `t`.`pkey` and `ott`.`quarter` = 5 and `ott`.`game` = `g`.`pkey`)) left join `score` `q1o` on(`q1o`.`team` = `o`.`pkey` and `q1o`.`quarter` = 1 and `q1o`.`game` = `g`.`pkey`)) left join `score` `q2o` on(`q2o`.`team` = `o`.`pkey` and `q2o`.`quarter` = 2 and `q2o`.`game` = `g`.`pkey`)) left join `score` `q3o` on(`q3o`.`team` = `o`.`pkey` and `q3o`.`quarter` = 3 and `q3o`.`game` = `g`.`pkey`)) left join `score` `q4o` on(`q4o`.`team` = `o`.`pkey` and `q4o`.`quarter` = 4 and `q4o`.`game` = `g`.`pkey`)) left join `score` `oto` on(`oto`.`team` = `o`.`pkey` and `oto`.`quarter` = 5 and `oto`.`game` = `g`.`pkey`)) union select `g`.`week` AS `week`,ucase(`c`.`tag`) AS `conference`,`d`.`name` AS `division`,`t`.`name` AS `team`,'No' AS `at_home`,`o`.`name` AS `oponent`,`q1t`.`amount` AS `q1_for`,`q2t`.`amount` AS `q2_for`,`q3t`.`amount` AS `q3_for`,`q4t`.`amount` AS `q4_for`,`ott`.`amount` AS `ot_for`,`q1o`.`amount` AS `q1_against`,`q2o`.`amount` AS `q2_against`,`q3o`.`amount` AS `q3_against`,`q4o`.`amount` AS `q4_against`,`oto`.`amount` AS `ot_against`,`q1t`.`amount` - `q1o`.`amount` AS `q1_net`,`q2t`.`amount` - `q2o`.`amount` AS `q2_net`,`q3t`.`amount` - `q3o`.`amount` AS `q3_net`,`q4t`.`amount` - `q4o`.`amount` AS `q4_net`,`q1t`.`amount` + `q2t`.`amount` + `q3t`.`amount` + `q4t`.`amount` + if(`ott`.`amount` is null,0,`ott`.`amount`) AS `game_for`,`q1o`.`amount` + `q2o`.`amount` + `q3o`.`amount` + `q4o`.`amount` + if(`oto`.`amount` is null,0,`oto`.`amount`) AS `game_against`,`q1t`.`amount` + `q2t`.`amount` + `q3t`.`amount` + `q4t`.`amount` + if(`ott`.`amount` is null,0,`ott`.`amount`) - (`q1o`.`amount` + `q2o`.`amount` + `q3o`.`amount` + `q4o`.`amount` + if(`oto`.`amount` is null,0,`oto`.`amount`)) AS `game_net`,if(`q1t`.`amount` + `q2t`.`amount` + `q3t`.`amount` + `q4t`.`amount` + if(`ott`.`amount` is null,0,`ott`.`amount`) > `q1o`.`amount` + `q2o`.`amount` + `q3o`.`amount` + `q4o`.`amount` + if(`oto`.`amount` is null,0,`oto`.`amount`),1,0) AS `won_game` from ((((((((((((((`game` `g` join `team` `t` on(`g`.`away` = `t`.`pkey`)) join `team` `o` on(`g`.`home` = `o`.`pkey`)) join `division` `d` on(`t`.`dvsn` = `d`.`pkey`)) join `conference` `c` on(`d`.`conf` = `c`.`pkey`)) left join `score` `q1t` on(`q1t`.`team` = `t`.`pkey` and `q1t`.`quarter` = 1 and `q1t`.`game` = `g`.`pkey`)) left join `score` `q2t` on(`q2t`.`team` = `t`.`pkey` and `q2t`.`quarter` = 2 and `q2t`.`game` = `g`.`pkey`)) left join `score` `q3t` on(`q3t`.`team` = `t`.`pkey` and `q3t`.`quarter` = 3 and `q3t`.`game` = `g`.`pkey`)) left join `score` `q4t` on(`q4t`.`team` = `t`.`pkey` and `q4t`.`quarter` = 4 and `q4t`.`game` = `g`.`pkey`)) left join `score` `ott` on(`ott`.`team` = `t`.`pkey` and `ott`.`quarter` = 5 and `ott`.`game` = `g`.`pkey`)) left join `score` `q1o` on(`q1o`.`team` = `o`.`pkey` and `q1o`.`quarter` = 1 and `q1o`.`game` = `g`.`pkey`)) left join `score` `q2o` on(`q2o`.`team` = `o`.`pkey` and `q2o`.`quarter` = 2 and `q2o`.`game` = `g`.`pkey`)) left join `score` `q3o` on(`q3o`.`team` = `o`.`pkey` and `q3o`.`quarter` = 3 and `q3o`.`game` = `g`.`pkey`)) left join `score` `q4o` on(`q4o`.`team` = `o`.`pkey` and `q4o`.`quarter` = 4 and `q4o`.`game` = `g`.`pkey`)) left join `score` `oto` on(`oto`.`team` = `o`.`pkey` and `oto`.`quarter` = 5 and `oto`.`game` = `g`.`pkey`)) */;
/*!50001 SET character_set_client      = @saved_cs_client */;
/*!50001 SET character_set_results     = @saved_cs_results */;
/*!50001 SET collation_connection      = @saved_col_connection */;

--
-- Final view structure for view `Stats`
--

/*!50001 DROP VIEW IF EXISTS `Stats`*/;
/*!50001 SET @saved_cs_client          = @@character_set_client */;
/*!50001 SET @saved_cs_results         = @@character_set_results */;
/*!50001 SET @saved_col_connection     = @@collation_connection */;
/*!50001 SET character_set_client      = utf8mb3 */;
/*!50001 SET character_set_results     = utf8mb3 */;
/*!50001 SET collation_connection      = utf8mb3_general_ci */;
/*!50001 CREATE ALGORITHM=UNDEFINED */
/*!50013 DEFINER=`pbk`@`localhost` SQL SECURITY DEFINER */
/*!50001 VIEW `Stats` AS select `r`.`conference` AS `conference`,`r`.`division` AS `division`,`r`.`team` AS `team`,count(`r`.`game_for`) AS `played`,sum(`r`.`game_for`) AS `pts_for`,sum(`r`.`game_against`) AS `pts_against`,sum(`r`.`game_net`) AS `pts_net`,sum(`r`.`won_game`) AS `win`,count(`r`.`game_for`) - sum(`r`.`won_game`) AS `lose`,sum(`r`.`won_game`) / count(`r`.`game_for`) AS `pct` from `Record` `r` group by `r`.`conference`,`r`.`division`,`r`.`team` */;
/*!50001 SET character_set_client      = @saved_cs_client */;
/*!50001 SET character_set_results     = @saved_cs_results */;
/*!50001 SET collation_connection      = @saved_col_connection */;

--
-- Final view structure for view `participants`
--

/*!50001 DROP VIEW IF EXISTS `participants`*/;
/*!50001 SET @saved_cs_client          = @@character_set_client */;
/*!50001 SET @saved_cs_results         = @@character_set_results */;
/*!50001 SET @saved_col_connection     = @@collation_connection */;
/*!50001 SET character_set_client      = utf8mb4 */;
/*!50001 SET character_set_results     = utf8mb4 */;
/*!50001 SET collation_connection      = utf8mb4_general_ci */;
/*!50001 CREATE ALGORITHM=UNDEFINED */
/*!50013 DEFINER=`pbk`@`localhost` SQL SECURITY DEFINER */
/*!50001 VIEW `participants` AS select `g`.`week` AS `Week`,`t`.`name` AS `Team`,'Yes' AS `Home?`,`o`.`name` AS `Versus` from ((`game` `g` join `team` `t` on(`g`.`home` = `t`.`pkey`)) join `team` `o` on(`o`.`pkey` = `g`.`away`)) union select `g`.`week` AS `Week`,`t`.`name` AS `Team`,'No' AS `Home?`,`o`.`name` AS `Versus` from ((`game` `g` join `team` `t` on(`g`.`away` = `t`.`pkey`)) join `team` `o` on(`o`.`pkey` = `g`.`home`)) */;
/*!50001 SET character_set_client      = @saved_cs_client */;
/*!50001 SET character_set_results     = @saved_cs_results */;
/*!50001 SET collation_connection      = @saved_col_connection */;

--
-- Final view structure for view `season`
--

/*!50001 DROP VIEW IF EXISTS `season`*/;
/*!50001 SET @saved_cs_client          = @@character_set_client */;
/*!50001 SET @saved_cs_results         = @@character_set_results */;
/*!50001 SET @saved_col_connection     = @@collation_connection */;
/*!50001 SET character_set_client      = utf8mb4 */;
/*!50001 SET character_set_results     = utf8mb4 */;
/*!50001 SET collation_connection      = utf8mb4_general_ci */;
/*!50001 CREATE ALGORITHM=UNDEFINED */
/*!50013 DEFINER=`pbk`@`localhost` SQL SECURITY DEFINER */
/*!50001 VIEW `season` AS select `g`.`week` AS `week`,`a`.`name` AS `visitor`,`h`.`name` AS `host` from ((`game` `g` join `team` `a` on(`a`.`pkey` = `g`.`away`)) join `team` `h` on(`h`.`pkey` = `g`.`home`)) */;
/*!50001 SET character_set_client      = @saved_cs_client */;
/*!50001 SET character_set_results     = @saved_cs_results */;
/*!50001 SET collation_connection      = @saved_col_connection */;
/*!40103 SET TIME_ZONE=@OLD_TIME_ZONE */;

/*!40101 SET SQL_MODE=@OLD_SQL_MODE */;
/*!40014 SET FOREIGN_KEY_CHECKS=@OLD_FOREIGN_KEY_CHECKS */;
/*!40014 SET UNIQUE_CHECKS=@OLD_UNIQUE_CHECKS */;
/*!40101 SET CHARACTER_SET_CLIENT=@OLD_CHARACTER_SET_CLIENT */;
/*!40101 SET CHARACTER_SET_RESULTS=@OLD_CHARACTER_SET_RESULTS */;
/*!40101 SET COLLATION_CONNECTION=@OLD_COLLATION_CONNECTION */;
/*!40111 SET SQL_NOTES=@OLD_SQL_NOTES */;

-- Dump completed on 2024-11-01 15:33:34
